{"train_runtime":1684.3438,"eval/loss":0.018433760851621628,"train/loss":0.1095,"train/learning_rate":1.1522604726959704e-05,"total_flos":8.050887747847944e+16,"train_loss":1.3043914549503095,"eval/runtime":40.2,"train/epoch":2.9980582524271844,"_runtime":1683.57700892,"train_samples_per_second":11.002,"_wandb":{"runtime":1925},"train/global_step":579,"eval/accuracy":0.996116504854369,"eval/macro_f1":0.9972417701557263,"_step":6,"_timestamp":1.7697253517345068e+09,"eval/steps_per_second":3.209,"eval/samples_per_second":38.433,"train_steps_per_second":0.344,"train/grad_norm":0.006490333471447229}