{"train/loss":0.0273,"train_steps_per_second":0.34,"train/epoch":2.9976653696498055,"train/grad_norm":0.0016776141710579395,"_timestamp":1.7700553267633426e+09,"_runtime":2832.492744314,"train_runtime":2833.2896,"train_loss":0.763063906880554,"eval/samples_per_second":37.298,"eval/macro_f1":0.9992857131696411,"eval/accuracy":0.9992217898832685,"total_flos":1.3526383639409213e+17,"_step":6,"eval/runtime":68.9051,"train/learning_rate":7.66686600616341e-06,"train/global_step":963,"eval/loss":0.008486527018249035,"eval/steps_per_second":3.12,"_wandb":{"runtime":3355},"train_samples_per_second":10.884}